Job,Score

Automotive Transmission Repair,1350

Semiconductor and Related Device Manufacturing,1349

Electronic Computer Manufacturing,1348

Computer Systems Design and Related Services,1347

Freight Transportation Arrangement,1346

Child Day Care Services,1345

Full-Service Restaurants,1344

Religious Organizations,1343

Drycleaning and Laundry Services,1342

Motor and Generator Manufacturing,1341

Electric Power Distribution,1340

Surveying and Mapping (except Geophysical) Services,1339

General Medical and Surgical Hospitals,1337

Computer Systems Design Services,1336

Custom Computer Programming Services,1335

New Multifamily Housing Construction (except Operative Builders),1334

Hotels (except Casino Hotels) and Motels,1333

Residential Remodelers,1332

"Highway, Street, and Bridge Construction",1331

Credit Card Issuing,1330

Software Publishers,1329

Radio and Television Broadcasting and Wireless Communications Equipment Manufacturing,1328

Other Miscellaneous Nondurable Goods Merchant Wholesalers,1327

Commercial Bakeries,1326

Engineering Services,1325

Direct Health and Medical Insurance Carriers,1324

Wood Container and Pallet Manufacturing,1323

Electromedical and Electrotherapeutic Apparatus Manufacturing,1322

"All Other Professional, Scientific, and Technical Services",1321

"Fastener, Button, Needle, and Pin Manufacturing",1320

Other Scientific and Technical Consulting Services,1319

Medical Equipment and Supplies Manufacturing,1318

Instrument Manufacturing for Measuring and Testing Electricity and Electrical Signals,1317

Commercial Screen Printing,1316

Miscellaneous Store Retailers,1315

"Architectural, Engineering, and Related Services",1314

Computer Storage Device Manufacturing,1313

Landscaping Services,1312

Automotive Parts and Accessories Stores,1311

Discount Department Stores,1310

Limited-Service Restaurants,1309

Transit and Ground Passenger Transportation,1308

Other Computer Related Services,1307

Investment Banking and Securities Dealing,1306

Private Households,1305

All Other Amusement and Recreation Industries,1304

Plastics and Rubber Industry Machinery Manufacturing,1303

Motor Vehicle Supplies and New Parts Merchant Wholesalers,1302

Construction,1301

Racetracks,1300

Telecommunications,1299

Industrial Process Furnace and Oven Manufacturing,1298

Wireless Telecommunications Carriers (except Satellite),1297

Commercial and Institutional Building Construction,1296

Convenience Stores,1295

"Commercial Air, Rail, and Water Transportation Equipment Rental and Leasing",1294

Drycleaning and Laundry Services (except Coin-Operated),1293

Offices of Other Holding Companies,1292

"Colleges, Universities, and Professional Schools",1291

New Single-Family Housing Construction (except Operative Builders),1290

Elementary and Secondary Schools,1289

Psychiatric and Substance Abuse Hospitals,1288

All Other Motor Vehicle Parts Manufacturing,1287

Offices of Dentists,1286

Industrial Building Construction,1285

Vitreous China Plumbing Fixture and China and Earthenware Bathroom Accessories Manufacturing,1284

Construction Machinery Manufacturing,1283

Janitorial Services,1282

Other Direct Selling Establishments,1281

Motor Vehicle Parts Manufacturing,1280

Poultry Processing,1279

Primary Battery Manufacturing,1278

Other Individual and Family Services,1277

Radio Networks,1276

Other Activities Related to Real Estate,1275

"Medical, Dental, and Hospital Equipment and Supplies Merchant Wholesalers",1274

Junior Colleges,1273

"Management, Scientific, and Technical Consulting Services",1272

Household Appliance Manufacturing,1271

Monetary Authorities-Central Bank,1270

Drugs and Druggists' Sundries Merchant Wholesalers,1269

Translation and Interpretation Services,1268

Investment Advice,1267

Scheduled Passenger Air Transportation,1266

Dental Laboratories,1265

Furniture Stores,1264

Lighting Fixture Manufacturing,1263

Petroleum Refineries,1262

Other Electronic Parts and Equipment Merchant Wholesalers,1261

Florists,1260

Computer Facilities Management Services,1259

Site Preparation Contractors,1258

"Automotive Body, Paint, and Interior Repair and Maintenance",1257

Offices of Physicians (except Mental Health Specialists),1256

Geophysical Surveying and Mapping Services,1255

Administrative Management and General Management Consulting Services,1254

Home Furnishing Merchant Wholesalers,1253

"Offices of Physical, Occupational and Speech Therapists, and Audiologists",1252

Commercial Banking,1251

Insurance Agencies and Brokerages,1250

Women's Clothing Stores,1249

Plastics Packaging Film and Sheet (including Laminated) Manufacturing,1248

Other Apparel Accessories and Other Apparel Manufacturing,1247

Nonresidential Property Managers,1246

All Other Specialty Food Stores,1245

"Process, Physical Distribution, and Logistics Consulting Services",1244

Other Electric Power Generation,1243

Regulation and Administration of Transportation Programs,1242

Outpatient Mental Health and Substance Abuse Centers,1241

Motor Vehicle Seating and Interior Trim Manufacturing,1240

Human Resources Consulting Services,1239

Snack Food Manufacturing,1238

Cut Stone and Stone Product Manufacturing,1237

Electronic Resistor Manufacturing,1236

Other Computer Peripheral Equipment Manufacturing,1235

Management Consulting Services,1234

Pharmaceutical Preparation Manufacturing,1233

Landscape Architectural Services,1232

Homes for the Elderly,1231

Gasoline Stations with Convenience Stores,1230

All Other Information Services,1229

Clothing and Clothing Accessories Stores,1228

All Other Personal Services,1227

Secondary Smelting and Alloying of Aluminum,1226

Tile and Terrazzo Contractors,1225

Direct Property and Casualty Insurance Carriers,1224

Emergency and Other Relief Services,1223

Other Commercial Equipment Merchant Wholesalers,1222

Plumbing Fixture Fitting and Trim Manufacturing,1221

Real Estate Property Managers,1220

Other Telecommunications,1219

"Cosmetics, Beauty Supplies, and Perfume Stores",1218

Communications Equipment Manufacturing,1217

Semiconductor and Other Electronic Component Manufacturing,1216

All Other Miscellaneous Fabricated Metal Product Manufacturing,1215

Other Electronic Component Manufacturing,1214

"Data Processing, Hosting and Related Services",1213

Voluntary Health Organizations,1212

Bare Printed Circuit Board Manufacturing,1211

Fresh Fruit and Vegetable Merchant Wholesalers,1210

Commodity Contracts Dealing,1209

All Other Schools and Instruction,1208

Architectural Services,1207

Sporting and Athletic Goods Manufacturing,1206

Animal (except Poultry) Slaughtering,1205

Marketing Consulting Services,1204

Crude Petroleum and Natural Gas Extraction,1203

Pharmaceutical and Medicine Manufacturing,1202

Computer and Electronic Product Manufacturing,1201

Golf Courses and Country Clubs,1200

All Other Miscellaneous Chemical Product and Preparation Manufacturing,1199

Computer and Peripheral Equipment Manufacturing,1198

Automobile and Other Motor Vehicle Merchant Wholesalers,1197

Structural Steel and Precast Concrete Contractors,1196

Testing Laboratories,1195

Other Support Activities for Air Transportation,1194

Ball and Roller Bearing Manufacturing,1193

Department Stores (except Discount Department Stores),1192

Musical Instrument Manufacturing,1191

Environmental Consulting Services,1190

Dairy Cattle and Milk Production,1189

"Instruments and Related Products Manufacturing for Measuring, Displaying, and Controlling Industrial Process Variables",1188

Pharmacies and Drug Stores,1187

Couriers and Express Delivery Services,1186

"Research and Development in the Physical, Engineering, and Life Sciences",1185

Custom Compounding of Purchased Resins,1184

"Pottery, Ceramics, and Plumbing Fixture Manufacturing",1183

Offices of Certified Public Accountants,1182

Polish and Other Sanitation Good Manufacturing,1181

"Carburetor, Piston, Piston Ring, and Valve Manufacturing",1180

Industrial Design Services,1179

Offices of Real Estate Agents and Brokers,1178

Other Information Services,1177

Temporary Help Services,1176

Basic Chemical Manufacturing,1175

Steel Wire Drawing,1174

Marketing Research and Public Opinion Polling,1173

Wired Telecommunications Carriers,1172

Portfolio Management,1171

Specialty Trade Contractors,1170

Deep Sea Freight Transportation,1169

Food Service Contractors,1168

Perishable Prepared Food Manufacturing,1167

All Other Financial Investment Activities,1166

Support Activities for Oil and Gas Operations,1165

Plastics Product Manufacturing,1164

All Other Miscellaneous Crop Farming,1163

Other Financial Investment Activities,1162

Retail Bakeries,1161

Fine Arts Schools,1160

Home Health Care Services,1159

Office Equipment Merchant Wholesalers,1158

"Electric Power Generation, Transmission and Distribution",1157

"Engine, Turbine, and Power Transmission Equipment Manufacturing",1156

All Other Industrial Machinery Manufacturing,1155

"Brick, Stone, and Related Construction Material Merchant Wholesalers",1154

Biological Product (except Diagnostic) Manufacturing,1153

Employment Services,1152

"Machinery, Equipment, and Supplies Merchant Wholesalers",1151

Food Services and Drinking Places,1150

Other Management Consulting Services,1149

Furniture Merchant Wholesalers,1148

Roofing Contractors,1147

Offices of Lawyers,1146

Chocolate and Confectionery Manufacturing from Cacao Beans,1145

Residential Mental Health and Substance Abuse Facilities,1144

"Accounting, Tax Preparation, Bookkeeping, and Payroll Services",1143

Other Communications Equipment Manufacturing,1142

Oil and Gas Extraction,1141

Cable and Other Subscription Programming,1140

Aircraft Manufacturing,1139

All Other Miscellaneous Schools and Instruction,1138

Drilling Oil and Gas Wells,1137

Scientific Research and Development Services,1136

Other Miscellaneous Durable Goods Merchant Wholesalers,1135

Other Accounting Services,1134

"Financial Transactions Processing, Reserve, and Clearinghouse Activities",1133

Bread and Bakery Product Manufacturing,1132

Advertising Agencies,1131

"Beer, Wine, and Distilled Alcoholic Beverage Merchant Wholesalers",1130

Pipeline Transportation of Natural Gas,1129

Legal Counsel and Prosecution,1128

Floor Covering Stores,1127

Motor Vehicle Electrical and Electronic Equipment Manufacturing,1126

Nursing Care Facilities,1125

Grocery and Related Product Merchant Wholesalers,1124

"Apparel, Piece Goods, and Notions Merchant Wholesalers",1123

"Merchant Wholesalers, Durable Goods",1122

Coffee and Tea Manufacturing,1121

Residential Building Construction,1120

Offices of All Other Miscellaneous Health Practitioners,1119

"Search, Detection, Navigation, Guidance, Aeronautical, and Nautical System and Instrument Manufacturing",1118

Other Support Services,1117

Electrical Equipment Manufacturing,1116

Lessors of Nonresidential Buildings (except Miniwarehouses),1115

All Other Miscellaneous Food Manufacturing,1114

Sanitary Paper Product Manufacturing,1113

Sports Teams and Clubs,1112

Heating Oil Dealers,1111

Supermarkets and Other Grocery (except Convenience) Stores,1110

Other Grocery and Related Products Merchant Wholesalers,1109

Motor Vehicle Metal Stamping,1108

Video Tape and Disc Rental,1107

Other Clothing Stores,1106

Other Concrete Product Manufacturing,1105

Doll and Stuffed Toy Manufacturing,1104

Directory and Mailing List Publishers,1103

Medical Laboratories,1102

"Gift, Novelty, and Souvenir Stores",1101

Baked Goods Stores,1100

Deep Sea Passenger Transportation,1099

Electric Power Generation,1098

Commercial and Industrial Machinery and Equipment (except Automotive and Electronic) Repair and Maintenance,1097

Residential Mental Retardation Facilities,1096

Apparel Accessories and Other Apparel Manufacturing,1095

Automotive Mechanical and Electrical Repair and Maintenance,1094

Iron and Steel Mills,1093

Semiconductor Machinery Manufacturing,1092

Local Messengers and Local Delivery,1091

Ship Building and Repairing,1090

Offices of Optometrists,1089

Sporting Goods Stores,1088

"Promoters of Performing Arts, Sports, and Similar Events without Facilities",1087

All Other Plastics Product Manufacturing,1086

Credit Bureaus,1085

Professional Organizations,1084

Apparel Knitting Mills,1083

"Beer, Wine, and Liquor Stores",1082

All Other Electrical Equipment and Component Manufacturing,1081

"Offices of Physicians, Mental Health Specialists",1080

All Other Miscellaneous Electrical Equipment and Component Manufacturing,1079

Office Furniture (except Wood) Manufacturing,1078

Nonscheduled Chartered Freight Air Transportation,1077

Aircraft Engine and Engine Parts Manufacturing,1076

"Women's, Children's, and Infants' Clothing and Accessories Merchant Wholesalers",1075

"Jewelry, Watch, Precious Stone, and Precious Metal Merchant Wholesalers",1074

Educational Support Services,1073

Other Residential Care Facilities,1072

All Other Insurance Related Activities,1071

Textile Product Mills,1070

Men's and Boys' Cut and Sew Apparel Contractors,1069

Surgical and Medical Instrument Manufacturing,1068

Electronic Auctions,1067

Dairy Product Manufacturing,1066

Other Gasoline Stations,1065

Motion Picture and Video Production,1064

Dog and Cat Food Manufacturing,1063

HMO Medical Centers,1062

Other Chemical and Allied Products Merchant Wholesalers,1061

Automobile Manufacturing,1060

Commercial Photography,1059

Grain and Field Bean Merchant Wholesalers,1058

Fluid Power Pump and Motor Manufacturing,1057

Oil and Gas Field Machinery and Equipment Manufacturing,1056

Family Clothing Stores,1055

Computer and Office Machine Repair and Maintenance,1054

Parking Lots and Garages,1053

Other Activities Related to Credit Intermediation,1052

"Electroplating, Plating, Polishing, Anodizing, and Coloring",1051

Marine Cargo Handling,1050

Other Spectator Sports,1049

Administration of Education Programs,1048

Business to Business Electronic Markets,1047

Cut and Sew Apparel Manufacturing,1046

Cement Manufacturing,1045

Fish and Seafood Merchant Wholesalers,1044

Beauty Salons,1043

Building Finishing Contractors,1042

Specialized Design Services,1041

Other Motor Vehicle Electrical and Electronic Equipment Manufacturing,1040

Cut and Sew Apparel Contractors,1039

Dental Equipment and Supplies Manufacturing,1038

"Advertising, Public Relations, and Related Services",1037

"Other Professional, Scientific, and Technical Services",1036

"Corporate, Subsidiary, and Regional Managing Offices",1035

Solid Waste Collection,1034

Jewelry Stores,1033

Professional and Commercial Equipment and Supplies Merchant Wholesalers,1032

Interior Design Services,1031

Masonry Contractors,1030

Television Broadcasting,1029

Continuing Care Retirement Communities,1028

Jewelry (except Costume) Manufacturing,1027

Computer and Computer Peripheral Equipment and Software Merchant Wholesalers,1026

Office Supplies and Stationery Stores,1025

Graphic Design Services,1024

Dance Companies,1023

Other Services Related to Advertising,1022

Management of Companies and Enterprises,1021

Food Manufacturing,1020

Industrial Gas Manufacturing,1019

Insurance Carriers,1018

Millwork,1017

Child and Youth Services,1016

Sign Manufacturing,1015

"Plumbing, Heating, and Air-Conditioning Contractors",1014

Industrial Machinery and Equipment Merchant Wholesalers,1013

"Watch, Clock, and Part Manufacturing",1012

Other Plastics Product Manufacturing,1011

Ophthalmic Goods Manufacturing,1010

Professional Employer Organizations,1009

Securities and Commodity Exchanges,1008

Major Appliance Manufacturing,1007

Wholesale Trade Agents and Brokers,1006

Other Metal Container Manufacturing,1005

Steel Investment Foundries,1004

"General Freight Trucking, Local",1003

Direct Life Insurance Carriers,1002

Securities Brokerage,1001

Recyclable Material Merchant Wholesalers,1000

Educational Services,999

Telephone Apparatus Manufacturing,998

Machine Tool (Metal Cutting Types) Manufacturing,997

"Women's, Girls', and Infants' Cut and Sew Apparel Contractors",996

Travel Agencies,995

Nail Salons,994

All Other Miscellaneous General Purpose Machinery Manufacturing,993

Automotive Repair and Maintenance,992

"Power, Distribution, and Specialty Transformer Manufacturing",991

Medicinal and Botanical Manufacturing,990

Direct Mail Advertising,989

All Other Animal Production,988

Electric Lamp Bulb and Part Manufacturing,987

"Electrical Apparatus and Equipment, Wiring Supplies, and Related Equipment Merchant Wholesalers",986

Audio and Video Equipment Manufacturing,985

Traveler Accommodation,984

Security Systems Services,983

Exam Preparation and Tutoring,982

"Soil Preparation, Planting, and Cultivating",981

Tire and Tube Merchant Wholesalers,980

Motion Picture and Video Distribution,979

Painting and Wall Covering Contractors,978

Air-Conditioning and Warm Air Heating Equipment and Commercial and Industrial Refrigeration Equipment Manufacturing,977

Electronic Shopping,976

General Automotive Repair,975

Wood Kitchen Cabinet and Countertop Manufacturing,974

Newspaper Publishers,973

Primary Aluminum Production,972

Railroad Rolling Stock Manufacturing,971

"Truck, Utility Trailer, and RV (Recreational Vehicle) Rental and Leasing",970

Electronics and Appliance Stores,969

Crushed and Broken Limestone Mining and Quarrying,968

Coin-Operated Laundries and Drycleaners,967

Reinsurance Carriers,966

Tortilla Manufacturing,965

Motor Vehicle Transmission and Power Train Parts Manufacturing,964

Cosmetology and Barber Schools,963

Rolled Steel Shape Manufacturing,962

Specialty Food Stores,961

Secondary Market Financing,960

Plastics Materials and Basic Forms and Shapes Merchant Wholesalers,959

Integrated Record Production/Distribution,958

Hardware Merchant Wholesalers,957

Cookie and Cracker Manufacturing,956

Machine Shops,955

Metal Service Centers and Other Metal Merchant Wholesalers,954

All Other Miscellaneous Manufacturing,953

Sports and Recreation Instruction,952

Women's and Girls' Cut and Sew Other Outerwear Manufacturing,951

Grantmaking Foundations,950

Miscellaneous Intermediation,949

"Direct Life, Health, and Medical Insurance Carriers",948

Diet and Weight Reducing Centers,947

Executive Offices,946

Automobile Dealers,945

All Other Miscellaneous Store Retailers (except Tobacco Stores),944

Other Building Material Dealers,943

Caterers,942

Offices of Physicians,941

Other Footwear Manufacturing,940

"Motorcycle, Bicycle, and Parts Manufacturing",939

Turbine and Turbine Generator Set Units Manufacturing,938

Soap and Cleaning Compound Manufacturing,937

Photographic Equipment and Supplies Merchant Wholesalers,936

Warehousing and Storage,935

"Navigational, Measuring, Electromedical, and Control Instruments Manufacturing",934

Other Heavy and Civil Engineering Construction,933

Security Systems Services (except Locksmiths),932

Chemical Manufacturing,931

Offices of Other Health Practitioners,930

Aerospace Product and Parts Manufacturing,929

Rubber Product Manufacturing for Mechanical Use,928

"Cafeterias, Grill Buffets, and Buffets",927

"Automotive Body, Paint, Interior, and Glass Repair",926

Automatic Vending Machine Manufacturing,925

Other Specialty Trade Contractors,924

"Specialized Freight (except Used Goods) Trucking, Local",923

Gasoline Engine and Engine Parts Manufacturing,922

All Other Rubber Product Manufacturing,921

Fitness and Recreational Sports Centers,920

Horses and Other Equine Production,919

All Other Specialty Trade Contractors,918

Hog and Pig Farming,917

Farm Machinery and Equipment Manufacturing,916

Paint and Coating Manufacturing,915

Warehouse Clubs and Supercenters,914

Alkalies and Chlorine Manufacturing,913

Tour Operators,912

All Other Miscellaneous Textile Product Mills,911

Analytical Laboratory Instrument Manufacturing,910

Other Fuel Dealers,909

Electrical Contractors and Other Wiring Installation Contractors,908

All Other Publishers,907

Coated and Laminated Paper Manufacturing,906

Collection Agencies,905

Printing and Related Support Activities,904

Museums,903

Veterinary Services,902

"Environment, Conservation and Wildlife Organizations",901

Other Measuring and Controlling Device Manufacturing,900

Wholesale Trade,899

Drywall and Insulation Contractors,898

Power and Communication Line and Related Structures Construction,897

"Electric Power Transmission, Control, and Distribution",896

"Piece Goods, Notions, and Other Dry Goods Merchant Wholesalers",895

International Trade Financing,894

Dried and Dehydrated Food Manufacturing,893

All Other Cut and Sew Apparel Manufacturing,892

Optical Goods Stores,891

Periodical Publishers,890

Residential Property Managers,889

Other Basic Inorganic Chemical Manufacturing,888

Surgical Appliance and Supplies Manufacturing,887

Services to Buildings and Dwellings,886

Cheese Manufacturing,885

Specialty Canning,884

Other Automotive Mechanical and Electrical Repair and Maintenance,883

Information,882

Copper Ore and Nickel Ore Mining,881

Motor Vehicle Towing,880

Research and Development in the Social Sciences and Humanities,879

"Agencies, Brokerages, and Other Insurance Related Activities",878

Commodity Contracts Brokerage,877

"Automotive Parts, Accessories, and Tire Stores",876

All Other Chemical Product and Preparation Manufacturing,875

"Ventilation, Heating, Air-Conditioning, and Commercial Refrigeration Equipment Manufacturing",874

"Commercial, Industrial, and Institutional Electric Lighting Fixture Manufacturing",873

"Professional, Scientific, and Technical Services",872

"Nursery, Garden Center, and Farm Supply Stores",871

Communication and Energy Wire and Cable Manufacturing,870

"Agents and Managers for Artists, Athletes, Entertainers, and Other Public Figures",869

Power Boiler and Heat Exchanger Manufacturing,868

Nuclear Electric Power Generation,867

Other Miscellaneous Manufacturing,866

Tax Preparation Services,865

All Other Business Support Services,864

Freestanding Ambulatory Surgical and Emergency Centers,863

Gold Ore Mining,862

Prefabricated Metal Building and Component Manufacturing,861

Industrial Supplies Merchant Wholesalers,860

Other Professional Equipment and Supplies Merchant Wholesalers,859

Roasted Nuts and Peanut Butter Manufacturing,858

Coated and Laminated Packaging Paper Manufacturing,857

Fluid Power Valve and Hose Fitting Manufacturing,856

Mechanical Power Transmission Equipment Manufacturing,855

Social Advocacy Organizations,854

Services for the Elderly and Persons with Disabilities,853

Animal Food Manufacturing,852

"Lumber, Plywood, Millwork, and Wood Panel Merchant Wholesalers",851

Printed Circuit Assembly (Electronic Assembly) Manufacturing,850

Passenger Car Rental and Leasing,849

Radio and Television Broadcasting,848

Commercial Lithographic Printing,847

Miscellaneous Financial Investment Activities,846

Farm Management Services,845

Iron and Steel Forging,844

Other Electronic and Precision Equipment Repair and Maintenance,843

Remediation Services,842

Health Care and Social Assistance,841

Other Motor Vehicle Parts Manufacturing,840

Chemical and Allied Products Merchant Wholesalers,839

Other Specialized Design Services,838

Costume Jewelry and Novelty Manufacturing,837

Soft Drink Manufacturing,836

Finish Carpentry Contractors,835

Medical and Diagnostic Laboratories,834

"Radio, Television, and Other Electronics Stores",833

Vocational Rehabilitation Services,832

Glove and Mitten Manufacturing,831

Printing Machinery and Equipment Manufacturing,830

Nonstore Retailers,829

Iron and Steel Mills and Ferroalloy Manufacturing,828

Heavy Duty Truck Manufacturing,827

Satellite Telecommunications,826

Ambulance Services,825

Electric Bulk Power Transmission and Control,824

Support Activities for Forestry,823

Residential Electric Lighting Fixture Manufacturing,822

Shoe Stores,821

Offices of All Other Health Practitioners,820

Poured Concrete Foundation and Structure Contractors,819

Civic and Social Organizations,818

Other Commercial and Service Industry Machinery Manufacturing,817

Other Engine Equipment Manufacturing,816

Other Food Manufacturing,815

Funeral Homes and Funeral Services,814

"Foundation, Structure, and Building Exterior Contractors",813

Human Rights Organizations,812

Other Publishers,811

Ambulatory Health Care Services,810

"Photographic Film, Paper, Plate, and Chemical Manufacturing",809

Industrial Valve Manufacturing,808

Electrometallurgical Ferroalloy Product Manufacturing,807

Bottled Water Manufacturing,806

Plastics Bottle Manufacturing,805

All Other Food Manufacturing,804

Printing,803

Other Ambulatory Health Care Services,802

"Book, Periodical, and Newspaper Merchant Wholesalers",801

"Promoters of Performing Arts, Sports, and Similar Events",800

Electrical and Electronic Goods Merchant Wholesalers,799

Motor Vehicle Manufacturing,798

Office Administrative Services,797

"Regulation and Administration of Communications, Electric, Gas, and Other Utilities",796

Offices of Chiropractors,795

Tree Nut Farming,794

Electronic Connector Manufacturing,793

Real Estate,792

Camera and Photographic Supplies Stores,791

Sheet Metal Work Manufacturing,790

Sawmill and Woodworking Machinery Manufacturing,789

News Syndicates,788

"Automatic Environmental Control Manufacturing for Residential, Commercial, and Appliance Use",787

Scheduled Freight Air Transportation,786

"Other Direct Insurance (except Life, Health, and Medical) Carriers",785

International Affairs,784

Language Schools,783

Media Representatives,782

All Other Traveler Accommodation,781

Real Estate Credit,780

Insurance Carriers and Related Activities,779

Activities Related to Real Estate,778

Family Planning Centers,777

Refrigeration Equipment and Supplies Merchant Wholesalers,776

Construction of Buildings,775

Consumer Lending,774

Payroll Services,773

Petrochemical Manufacturing,772

Mattress Manufacturing,771

Computer Training,770

Motor Vehicle and Motor Vehicle Parts and Supplies Merchant Wholesalers,769

Other Farm Product Raw Material Merchant Wholesalers,768

Irradiation Apparatus Manufacturing,767

All Other Outpatient Care Centers,766

Software Reproducing,765

Elevator and Moving Stairway Manufacturing,764

Upholstered Household Furniture Manufacturing,763

Other Depository Credit Intermediation,762

Electronic and Precision Equipment Repair and Maintenance,761

Offices of Mental Health Practitioners (except Physicians),760

Flooring Contractors,759

Public Relations Agencies,758

Grocery Stores,757

Other Commercial Printing,756

Food (Health) Supplement Stores,755

Snack and Nonalcoholic Beverage Bars,754

Cutting Tool and Machine Tool Accessory Manufacturing,753

Spice and Extract Manufacturing,752

Tire Dealers,751

Limousine Service,750

Pension Funds,749

Labor Unions and Similar Labor Organizations,748

Department Stores,747

Industrial Machinery Manufacturing,746

General Freight Trucking,745

Machine Tool (Metal Forming Types) Manufacturing,744

Support Activities for Animal Production,743

Other Industrial Machinery Manufacturing,742

Third Party Administration of Insurance and Pension Funds,741

Iron and Steel Pipe and Tube Manufacturing from Purchased Steel,740

Breakfast Cereal Manufacturing,739

Casino Hotels,738

Other Metal Valve and Pipe Fitting Manufacturing,737

Construction and Mining (except Oil Well) Machinery and Equipment Merchant Wholesalers,736

Zoos and Botanical Gardens,735

Relay and Industrial Control Manufacturing,734

Other Insurance Related Activities,733

Other Chemical Product and Preparation Manufacturing,732

"Industrial Truck, Tractor, Trailer, and Stacker Machinery Manufacturing",731

Clothing Stores,730

"Asphalt Paving, Roofing, and Saturated Materials Manufacturing",729

Pen and Mechanical Pencil Manufacturing,728

Books Printing,727

Water and Sewer Line and Related Structures Construction,726

Abrasive Product Manufacturing,725

Libraries and Archives,724

Administration of Air and Water Resource and Solid Waste Management Programs,723

Other Vegetable (except Potato) and Melon Farming,722

Women's Handbag and Purse Manufacturing,721

Plastics Material and Resin Manufacturing,720

Footwear Manufacturing,719

Petroleum and Petroleum Products Merchant Wholesalers (except Bulk Stations and Terminals),718

"Newspaper, Periodical, Book, and Directory Publishers",717

Display Advertising,716

Folding Paperboard Box Manufacturing,715

Other Airport Operations,714

All Other Transportation Equipment Manufacturing,713

Claims Adjusting,712

Scheduled Air Transportation,711

Manufacturing and Reproducing Magnetic and Optical Media,710

Savings Institutions,709

Dairy Product (except Dried or Canned) Merchant Wholesalers,708

Rail Transportation,707

Book Stores,706

Heating Equipment (except Warm Air Furnaces) Manufacturing,705

Book Publishers,704

Utility System Construction,703

All Other Basic Organic Chemical Manufacturing,702

Specialty (except Psychiatric and Substance Abuse) Hospitals,701

General Line Grocery Merchant Wholesalers,700

Fruit and Vegetable Preserving and Specialty Food Manufacturing,699

All Other Legal Services,698

Home Health Equipment Rental,697

Current-Carrying Wiring Device Manufacturing,696

All Other Travel Arrangement and Reservation Services,695

Professional and Management Development Training,694

Land Subdivision,693

Paper and Paper Product Merchant Wholesalers,692

Art Dealers,691

Wholesale Electronic Markets and Agents and Brokers,690

Wine and Distilled Alcoholic Beverage Merchant Wholesalers,689

Wineries,688

Cutlery and Flatware (except Precious) Manufacturing,687

Public Finance Activities,686

All Other Nondepository Credit Intermediation,685

Other Building Equipment Contractors,684

Pesticide and Other Agricultural Chemical Manufacturing,683

Optical Instrument and Lens Manufacturing,682

Food Product Machinery Manufacturing,681

All Other Home Furnishings Stores,680

Cigarette Manufacturing,679

Direct Title Insurance Carriers,678

Mining Machinery and Equipment Manufacturing,677

Other Gambling Industries,676

Wood Product Manufacturing,675

Other Schools and Instruction,674

Industrial Mold Manufacturing,673

Nonscheduled Chartered Passenger Air Transportation,672

All Other Miscellaneous Waste Management Services,671

Used Household and Office Goods Moving,670

Welding and Soldering Equipment Manufacturing,669

Blood and Organ Banks,668

Packaged Frozen Food Merchant Wholesalers,667

Linen Supply,666

Electron Tube Manufacturing,665

Noncellulosic Organic Fiber Manufacturing,664

Meat and Meat Product Merchant Wholesalers,663

Other Financial Vehicles,662

"Resin, Synthetic Rubber, and Artificial Synthetic Fibers and Filaments Manufacturing",661

Legal Services,660

Packaging Machinery Manufacturing,659

Vehicular Lighting Equipment Manufacturing,658

Miscellaneous Durable Goods Merchant Wholesalers,657

Fiber Optic Cable Manufacturing,656

Teleproduction and Other Postproduction Services,655

Sporting and Recreational Goods and Supplies Merchant Wholesalers,654

Business Associations,653

Paper (except Newsprint) Mills,652

Other Construction Material Merchant Wholesalers,651

Other Motion Picture and Video Industries,650

Confectionery Merchant Wholesalers,649

Insurance and Employee Benefit Funds,648

Hospitals,647

Urethane and Other Foam Product (except Polystyrene) Manufacturing,646

Natural Gas Distribution,645

Limited-Service Eating Places,644

Administration of Human Resource Programs,643

Other Fabricated Metal Product Manufacturing,642

"Pulp, Paper, and Paperboard Mills",641

Electronic Shopping and Mail-Order Houses,640

Flight Training,639

Poultry and Poultry Product Merchant Wholesalers,638

Individual and Family Services,637

Vegetable and Melon Farming,636

Computer and Software Stores,635

Air Purification Equipment Manufacturing,634

Steel Product Manufacturing from Purchased Steel,633

Coated Paper Bag and Pouch Manufacturing,632

Plastics Bag and Pouch Manufacturing,631

Diagnostic Imaging Centers,630

Beef Cattle Ranching and Farming,629

Motion Picture Theaters (except Drive-Ins),628

Saw Blade and Handsaw Manufacturing,627

Hardware Manufacturing,626

Nursing and Residential Care Facilities,625

Other General Government Support,624

Office Supplies (except Paper) Manufacturing,623

Pipeline Transportation of Refined Petroleum Products,622

Offices of Bank Holding Companies,621

Utilities,620

"Machine Shops; Turned Product; and Screw, Nut, and Bolt Manufacturing",619

Prepress Services,618

Nursery and Floriculture Production,617

Primary Metal Manufacturing,616

Other Personal and Household Goods Repair and Maintenance,615

"Potash, Soda, and Borate Mineral Mining",614

Other Health and Personal Care Stores,613

Administration of Veterans' Affairs,612

Passenger Car Rental,611

Line-Haul Railroads,610

Beer and Ale Merchant Wholesalers,609

"Frozen Fruit, Juice, and Vegetable Manufacturing",608

Ship and Boat Building,607

Hand and Edge Tool Manufacturing,606

Other General Merchandise Stores,605

Men's and Boys' Cut and Sew Work Clothing Manufacturing,604

Men's and Boys' Clothing and Furnishings Merchant Wholesalers,603

Navigational Services to Shipping,602

Wood Window and Door Manufacturing,601

Sugarcane Mills,600

Metal Heat Treating,599

"Metal Coating, Engraving (except Jewelry and Silverware), and Allied Services to Manufacturers",598

Fruit and Vegetable Markets,597

Transportation Equipment and Supplies (except Motor Vehicle) Merchant Wholesalers,596

Other Electrical Equipment and Component Manufacturing,595

Nursery and Tree Production,594

Other Aircraft Parts and Auxiliary Equipment Manufacturing,593

Media Buying Agencies,592

Transportation and Warehousing,591

"Doll, Toy, and Game Manufacturing",590

Motor Vehicle Body Manufacturing,589

Heavy and Civil Engineering Construction,588

Boat Building,587

Convention and Trade Show Organizers,586

"Other Similar Organizations (except Business, Professional, Labor, and Political Organizations)",585

Mortgage and Nonmortgage Loan Brokers,584

Other Social Advocacy Organizations,583

Motion Picture and Video Industries,582

"General Freight Trucking, Long-Distance",581

"Museums, Historical Sites, and Similar Institutions",580

Fabricated Structural Metal Manufacturing,579

Women's and Girls' Cut and Sew Apparel Manufacturing,578

Household Appliance Stores,577

All Other Miscellaneous Store Retailers,576

"Showcase, Partition, Shelving, and Locker Manufacturing",575

Theater Companies and Dinner Theaters,574

All Other Miscellaneous Ambulatory Health Care Services,573

Carpet and Rug Mills,572

General Warehousing and Storage,571

Water Supply and Irrigation Systems,570

Employment Placement Agencies and Executive Search Services,569

Automobile and Light Duty Motor Vehicle Manufacturing,568

Air and Gas Compressor Manufacturing,567

Business and Secretarial Schools,566

"Trusts, Estates, and Agency Accounts",565

Music Publishers,564

Wood Office Furniture Manufacturing,563

Broadwoven Fabric Finishing Mills,562

Open-End Investment Funds,561

"Secondary Smelting, Refining, and Alloying of Nonferrous Metal (except Copper and Aluminum)",560

Mineral Wool Manufacturing,559

Toilet Preparation Manufacturing,558

Tire Manufacturing (except Retreading),557

Other Support Activities for Transportation,556

Apparel Manufacturing,555

Air Transportation,554

"Frozen Cakes, Pies, and Other Pastries Manufacturing",553

Ethyl Alcohol Manufacturing,552

Luggage Manufacturing,551

Digital Printing,550

Rubber and Plastics Footwear Manufacturing,549

Underwear and Nightwear Knitting Mills,548

Petroleum Lubricating Oil and Grease Manufacturing,547

Commercial and Service Industry Machinery Manufacturing,546

Photographic and Photocopying Equipment Manufacturing,545

Nonwoven Fabric Mills,544

Specialized Freight Trucking,543

Oil and Gas Pipeline and Related Structures Construction,542

Other Fabricated Wire Product Manufacturing,541

"Administration of Human Resource Programs (except Education, Public Health, and Veterans' Affairs Programs)",540

Business Support Services,539

Natural Gas Liquid Extraction,538

All Other Wood Product Manufacturing,537

Hydroelectric Power Generation,536

Stationery and Office Supplies Merchant Wholesalers,535

"General Freight Trucking, Long-Distance, Truckload",534

Battery Manufacturing,533

Jewelry and Silverware Manufacturing,532

Credit Unions,531

All Other Motor Vehicle Dealers,530

Crown and Closure Manufacturing,529

Communication Equipment Repair and Maintenance,528

Aluminum Extruded Product Manufacturing,527

Pump and Pumping Equipment Manufacturing,526

Office Furniture (including Fixtures) Manufacturing,525

"Book, Periodical, and Music Stores",524

Glass and Glass Product Manufacturing,523

Lessors of Other Real Estate Property,522

Security Guards and Patrol Services,521

Home Centers,520

Primary Smelting and Refining of Nonferrous Metal (except Copper and Aluminum),519

Dry Pasta Manufacturing,518

"Dry, Condensed, and Evaporated Dairy Product Manufacturing",517

Support Activities for Coal Mining,516

Alumina and Aluminum Production and Processing,515

"Direct Insurance (except Life, Health, and Medical) Carriers",514

Ceramic Wall and Floor Tile Manufacturing,513

Advertising Material Distribution Services,512

New Car Dealers,511

Kidney Dialysis Centers,510

Unlaminated Plastics Film and Sheet (except Packaging) Manufacturing,509

Plastics Pipe and Pipe Fitting Manufacturing,508

Activities Related to Credit Intermediation,507

Administration of Urban Planning and Community and Rural Development,506

Flavoring Syrup and Concentrate Manufacturing,505

All Other Support Activities for Transportation,504

Men's Clothing Stores,503

Bakeries and Tortilla Manufacturing,502

Lessors of Residential Buildings and Dwellings,501

Textile and Fabric Finishing (except Broadwoven Fabric) Mills,500

Materials Recovery Facilities,499

Greeting Card Publishers,498

Ice Cream and Frozen Dessert Manufacturing,497

Plumbing and Heating Equipment and Supplies (Hydronics) Merchant Wholesalers,496

Framing Contractors,495

Home Furnishings Stores,494

Other Lighting Equipment Manufacturing,493

"Merchant Wholesalers, Nondurable Goods",492

Facilities Support Services,491

Flour Milling,490

Converted Paper Product Manufacturing,489

Plastics Packaging Materials and Unlaminated Film and Sheet Manufacturing,488

Carpet and Upholstery Cleaning Services,487

"Residential Mental Retardation, Mental Health and Substance Abuse Facilities",486

Telemarketing Bureaus and Other Contact Centers,485

Jewelers' Material and Lapidary Work Manufacturing,484

Warm Air Heating and Air-Conditioning Equipment and Supplies Merchant Wholesalers,483

Lessors of Nonfinancial Intangible Assets (except Copyrighted Works),482

Farm and Garden Machinery and Equipment Merchant Wholesalers,481

Investigation Services,480

Telephone Answering Services,479

Support Activities for Road Transportation,478

Footwear Merchant Wholesalers,477

"Flower, Nursery Stock, and Florists' Supplies Merchant Wholesalers",476

Material Handling Equipment Manufacturing,475

Shellfish Farming,474

Special Food Services,473

Other Personal Care Services,472

"Greenhouse, Nursery, and Floriculture Production",471

Other Snack Food Manufacturing,470

Other Miscellaneous Store Retailers,469

Metal Tank (Heavy Gauge) Manufacturing,468

Support Activities for Rail Transportation,467

Car Washes,466

Spring (Heavy Gauge) Manufacturing,465

Meat Processed from Carcasses,464

Thread Mills,463

Fabricated Pipe and Pipe Fitting Manufacturing,462

Measuring and Dispensing Pump Manufacturing,461

Electric Lighting Equipment Manufacturing,460

Other Building Finishing Contractors,459

Glass Container Manufacturing,458

"Overhead Traveling Crane, Hoist, and Monorail System Manufacturing",457

Ornamental and Architectural Metal Products Manufacturing,456

Adhesive Manufacturing,455

Private Mail Centers,454

Men's and Boys' Cut and Sew Apparel Manufacturing,453

Fossil Fuel Electric Power Generation,452

Hazardous Waste Collection,451

Fluid Power Cylinder and Actuator Manufacturing,450

"Arts, Entertainment, and Recreation",449

Outpatient Care Centers,448

Other Sound Recording Industries,447

Home and Garden Equipment Repair and Maintenance,446

All Other Transit and Ground Passenger Transportation,445

"Securities, Commodity Contracts, and Other Financial Investments and Related Activities",444

"Independent Artists, Writers, and Performers",443

"Regulation, Licensing, and Inspection of Miscellaneous Commercial Sectors",442

"Administration of Housing Programs, Urban Planning, and Community Development",441

Other Technical and Trade Schools,440

Wheat Farming,439

Motor Vehicle Brake System Manufacturing,438

Other Grantmaking and Giving Services,437

Support Activities for Air Transportation,436

Textile and Fabric Finishing Mills,435

Switchgear and Switchboard Apparatus Manufacturing,434

Ornamental and Architectural Metal Work Manufacturing,433

Children's and Infants' Clothing Stores,432

Corrugated and Solid Fiber Box Manufacturing,431

Fruit and Vegetable Canning,430

Nonresidential Building Construction,429

Administration of Public Health Programs,428

Grape Vineyards,427

Other Insurance Funds,426

"Promoters of Performing Arts, Sports, and Similar Events with Facilities",425

Polystyrene Foam Product Manufacturing,424

Nonupholstered Wood Household Furniture Manufacturing,423

Refrigerated Warehousing and Storage,422

All Other Basic Inorganic Chemical Manufacturing,421

"Electrical and Electronic Appliance, Television, and Radio Set Merchant Wholesalers",420

Other Millwork (including Flooring),419

Consumer Electronics Repair and Maintenance,418

Title Abstract and Settlement Offices,417

Inland Water Freight Transportation,416

Vending Machine Operators,415

Textile Machinery Manufacturing,414

All Other Textile Product Mills,413

Interurban and Rural Bus Transportation,412

Resilient Floor Covering Manufacturing,411

Other Communication and Energy Wire Manufacturing,410

Power-Driven Handtool Manufacturing,409

Used Car Dealers,408

Timber Tract Operations,407

All Other Petroleum and Coal Products Manufacturing,406

All Other Health and Personal Care Stores,405

Nondepository Credit Intermediation,404

Other Personal Services,403

Rental and Leasing Services,402

Mail-Order Houses,401

Soybean Processing,400

Postharvest Crop Activities (except Cotton Ginning),399

All Other Support Services,398

"Construction, Mining, and Forestry Machinery and Equipment Rental and Leasing",397

Luggage and Leather Goods Stores,396

Fresh and Frozen Seafood Processing,395

Household and Institutional Furniture and Kitchen Cabinet Manufacturing,394

Seafood Product Preparation and Packaging,393

Metal Stamping,392

Computer Terminal Manufacturing,391

Fluid Milk Manufacturing,390

All Other Leather Good and Allied Product Manufacturing,389

Fuel Dealers,388

Toy and Hobby Goods and Supplies Merchant Wholesalers,387

Other Cut and Sew Apparel Manufacturing,386

Reupholstery and Furniture Repair,385

Other Commercial and Industrial Machinery and Equipment Rental and Leasing,384

Travel Trailer and Camper Manufacturing,383

Boat Dealers,382

Custom Architectural Woodwork and Millwork Manufacturing,381

Paint and Wallpaper Stores,380

All Other General Merchandise Stores,379

Paperboard Mills,378

Metal and Mineral (except Petroleum) Merchant Wholesalers,377

Postproduction Services and Other Motion Picture and Video Industries,376

Used Merchandise Stores,375

"Cut Stock, Resawing Lumber, and Planing",374

Recreational and Vacation Camps (except Campgrounds),373

Other Household Textile Product Mills,372

Pet Care (except Veterinary) Services,371

"Game, Toy, and Children's Vehicle Manufacturing",370

Tradebinding and Related Work,369

Outerwear Knitting Mills,368

Farm Supplies Merchant Wholesalers,367

Hazardous Waste Treatment and Disposal,366

Rubber and Plastics Hoses and Belting Manufacturing,365

Concrete Block and Brick Manufacturing,364

Septic Tank and Related Services,363

"Cookie, Cracker, and Pasta Manufacturing",362

All Other Miscellaneous Wood Product Manufacturing,361

All Other Crop Farming,360

Business Service Centers,359

Meat Markets,358

"Trust, Fiduciary, and Custody Activities",357

Other Investment Pools and Funds,356

Technical and Trade Schools,355

"Special Die and Tool, Die Set, Jig, and Fixture Manufacturing",354

Conveyor and Conveying Equipment Manufacturing,353

All Other Automotive Repair and Maintenance,352

American Indian and Alaska Native Tribal Governments,351

Gasoline Stations,350

Other Travel Arrangement and Reservation Services,349

Bowling Centers,348

Industrial and Commercial Fan and Blower Manufacturing,347

Cotton Farming,346

"Specialized Freight (except Used Goods) Trucking, Long-Distance",345

Apple Orchards,344

Offices of Podiatrists,343

Paper Industry Machinery Manufacturing,342

Furniture and Home Furnishing Merchant Wholesalers,341

Asphalt Paving Mixture and Block Manufacturing,340

Finance and Insurance,339

Manufacturing,338

Automotive Oil Change and Lubrication Shops,337

Passenger Car Leasing,336

Household and Institutional Furniture Manufacturing,335

Ophthalmic Goods Merchant Wholesalers,334

Other Services to Buildings and Dwellings,333

Taxi and Limousine Service,332

Mushroom Production,331

Other Amusement and Recreation Industries,330

Motor Vehicle Steering and Suspension Components (except Spring) Manufacturing,329

All Other Ambulatory Health Care Services,328

"Coating, Engraving, Heat Treating, and Allied Activities",327

"Other Justice, Public Order, and Safety Activities",326

Gambling Industries,325

Floriculture Production,324

Other Food Crops Grown Under Cover,323

Glass and Glazing Contractors,322

Marinas,321

Home and Garden Equipment and Appliance Repair and Maintenance,320

Exterminating and Pest Control Services,319

"Scenic and Sightseeing Transportation, Land",318

Community Care Facilities for the Elderly,317

Other Support Activities for Road Transportation,316

Direct Selling Establishments,315

"Crop Harvesting, Primarily by Machine",314

"Agriculture, Forestry, Fishing and Hunting",313

Retail Trade,312

Scale and Balance Manufacturing,311

Household Cooking Appliance Manufacturing,310

"Sewing, Needlework, and Piece Goods Stores",309

Real Estate and Rental and Leasing,308

Farm Labor Contractors and Crew Leaders,307

"Data Processing, Hosting, and Related Services",306

Advertising and Related Services,305

Internet Publishing and Broadcasting,304

Animal Aquaculture,303

Internet Service Providers and Web Search Portals,302

Construction Sand and Gravel Mining,301

Cellular and Other Wireless Telecommunications,300

Cement and Concrete Product Manufacturing,299

Coastal and Great Lakes Passenger Transportation,298

Web Search Portals,297

Human Resources and Executive Search Consulting Services,296

Motor Vehicle Gasoline Engine and Engine Parts Manufacturing,295

Couriers,294

Industrial and Personal Service Paper Merchant Wholesalers,293

Investigation and Security Services,292

Grocery and Related Product Wholesalers,291

Support Activities for Metal Mining,290

"Women's and Girls' Cut and Sew Suit, Coat, Tailored Jacket, and Skirt Manufacturing",289

Clothing Accessories Stores,288

Truck Transportation,287

Skiing Facilities,286

Employment Placement Agencies,285

Waste Collection,284

Precision Turned Product Manufacturing,283

Musical Instrument and Supplies Stores,282

Administration of Economic Programs,281

Electrical Contractors,280

Tobacco Manufacturing,279

Internet Service Providers,278

Other Warehousing and Storage,277

Administration of General Economic Programs,276

Sales Financing,275

"Electrical Equipment, Appliance, and Component Manufacturing",274

Document Preparation Services,273

Lawn and Garden Tractor and Home Lawn and Garden Equipment Manufacturing,272

Electronic Capacitor Manufacturing,271

"Nonferrous Metal (except Copper and Aluminum) Rolling, Drawing, and Extruding",270

Other Major Household Appliance Manufacturing,269

Industrial Machinery & Equipment Wholesalers,268

"Water, Sewage and Other Systems",267

Ready-Mix Concrete Manufacturing,266

Other Business Service Centers (including Copy Shops),265

Furniture and Related Product Manufacturing,264

Cafeterias,263

Frozen Specialty Food Manufacturing,262

Soap and Other Detergent Manufacturing,261

Monetary Authorities - Central Bank,260

Legislative Bodies,259

Nonferrous Metal Foundries,258

"Internet Service Providers, Web Search Portals, and Data Processing Services",257

Fats and Oils Refining and Blending,256

Radio Stations,255

Flat Glass Manufacturing,254

Rubber Product Manufacturing,253

Distilleries,252

Cutlery and Handtool Manufacturing,251

"Other Foundation, Structure, and Building Exterior Contractors",250

Other Specialty Food Stores,249

Waste Treatment and Disposal,248

Storage Battery Manufacturing,247

Explosives Manufacturing,246

Synthetic Organic Dye and Pigment Manufacturing,245

Finfish Farming and Fish Hatcheries,244

Cattle Ranching and Farming,243

Printing Ink Manufacturing,242

Iron Ore Mining,241

Fire Protection,240

RV (Recreational Vehicle) Parks and Campgrounds,239

Service Establishment Equipment and Supplies Merchant Wholesalers,238

Nitrogenous Fertilizer Manufacturing,237

Bituminous Coal Underground Mining,236

"Aluminum Sheet, Plate, and Foil Manufacturing",235

Bus and Other Motor Vehicle Transit Systems,234

Glass Product Manufacturing Made of Purchased Glass,233

Metalworking Machinery Manufacturing,232

Other Tobacco Product Manufacturing,231

Other Business Support Services,230

Aluminum Foundries (except Die-Casting),229

Women's and Girls' Cut and Sew Blouse and Shirt Manufacturing,228

Small Arms Manufacturing,227

Telemarketing Bureaus,226

Packaging and Labeling Services,225

Ground or Treated Mineral and Earth Manufacturing,224

"Speed Changer, Industrial High-Speed Drive, and Gear Manufacturing",223

Police Protection,222

Tobacco Stemming and Redrying,221

In-Vitro Diagnostic Substance Manufacturing,220

Farm Product Raw Material Merchant Wholesalers,219

Concrete Pipe Manufacturing,218

Commercial Gravure Printing,217

Steel Foundries (except Investment),216

Other Support Activities for Water Transportation,215

Travel Arrangement and Reservation Services,214

Beverage Manufacturing,213

Other Textile Product Mills,212

"Copper Rolling, Drawing, and Extruding",211

Tire Cord and Tire Fabric Mills,210

Paper Mills,209

Broadwoven Fabric Mills,208

Curtain and Linen Mills,207

Nonscheduled Air Transportation,206

"Nonferrous Metal (except Copper and Aluminum) Rolling, Drawing, Extruding, and Alloying",205

"Scenic and Sightseeing Transportation, Other",204

Performing Arts Companies,203

Architectural and Structural Metals Manufacturing,202

Motor Vehicle Air-Conditioning Manufacturing,201

Magnetic and Optical Recording Media Manufacturing,200

Men's Footwear (except Athletic) Manufacturing,199

Paging,198

Courts,197

Breweries,196

Support Activities for Crop Production,195

Telephone Call Centers,194

Real Estate Investment Trusts,193

Taxi Service,192

"Electronic Coil, Transformer, and Other Inductor Manufacturing",191

Crop Production,190

Tobacco and Tobacco Product Merchant Wholesalers,189

Malt Manufacturing,188

Other Metalworking Machinery Manufacturing,187

Social Assistance,186

Frozen Food Manufacturing,185

"Soap, Cleaning Compound, and Toilet Preparation Manufacturing",184

Lessors of Real Estate,183

"Hardware, and Plumbing and Heating Equipment and Supplies Merchant Wholesalers",182

Seasoning and Dressing Manufacturing,181

"Agriculture, Construction, and Mining Machinery Manufacturing",180

Telecommunications Resellers,179

Musical Groups and Artists,178

Motor Vehicle Parts (Used) Merchant Wholesalers,177

Totalizing Fluid Meter and Counting Device Manufacturing,176

Hay Farming,175

Administration of Housing Programs,174

"Hobby, Toy, and Game Stores",173

Offices of Real Estate Appraisers,172

Securities and Commodity Contracts Intermediation and Brokerage,171

Manufactured Home (Mobile Home) Manufacturing,170

Dairy Product (except Frozen) Manufacturing,169

Armored Car Services,168

Other Nonferrous Foundries (except Die-Casting),167

Canvas and Related Product Mills,166

"Photography Studios, Portrait",165

"Community Food and Housing, and Emergency and Other Relief Services",164

Oilseed and Grain Farming,163

Support Activities for Mining,162

Casinos (except Casino Hotels),161

Metal Can Manufacturing,160

Artificial and Synthetic Fibers and Filaments Manufacturing,159

"Pesticide, Fertilizer, and Other Agricultural Chemical Manufacturing",158

Pet and Pet Supplies Stores,157

All Other General Purpose Machinery Manufacturing,156

Soft Drink and Ice Manufacturing,155

Petroleum and Petroleum Products Merchant Wholesalers,154

Scale and Balance (except Laboratory) Manufacturing,153

Gypsum Product Manufacturing,152

"Plastics, Foil, and Coated Paper Bag Manufacturing",151

"Roofing, Siding, and Insulation Material Merchant Wholesalers",150

Tire Manufacturing,149

Wiring Device Manufacturing,148

Building Inspection Services,147

Petroleum Bulk Stations and Terminals,146

Support Activities for Water Transportation,145

Gold Ore and Silver Ore Mining,144

New Housing Operative Builders,143

Gum and Wood Chemical Manufacturing,142

All Other Metal Ore Mining,141

"Funds, Trusts, and Other Financial Vehicles",140

Siding Contractors,139

Prefabricated Wood Building Manufacturing,138

Credit Intermediation and Related Activities,137

"Men's and Boys' Cut and Sew Suit, Coat, and Overcoat Manufacturing",136

All Other Converted Paper Product Manufacturing,135

Coastal and Great Lakes Freight Transportation,134

Personal Leather Good (except Women's Handbag and Purse) Manufacturing,133

"Hair, Nail, and Skin Care Services",132

Support Activities for Nonmetallic Minerals (except Fuels),131

Space Research and Technology,130

Other Nonscheduled Air Transportation,129

Synthetic Rubber Manufacturing,128

Rice Milling,127

Laboratory Apparatus and Furniture Manufacturing,126

Light Truck and Utility Vehicle Manufacturing,125

Rolling Mill Machinery and Equipment Manufacturing,124

Metal Window and Door Manufacturing,123

"Veneer, Plywood, and Engineered Wood Product Manufacturing",122

Wood Preservation,121

Nonchocolate Confectionery Manufacturing,120

Radio Broadcasting,119

"Commercial Laundry, Drycleaning, and Pressing Machine Manufacturing",118

Publishing Industries (except Internet),117

Office Machinery and Equipment Rental and Leasing,116

Amusement and Theme Parks,115

Waste Management and Remediation Services,114

"Hat, Cap, and Millinery Manufacturing",113

Other Leather and Allied Product Manufacturing,112

Confectionery Manufacturing from Purchased Chocolate,111

Copper Wire (except Mechanical) Drawing,110

"Boiler, Tank, and Shipping Container Manufacturing",109

Other Urban Transit Systems,108

Health and Welfare Funds,107

Other Noncitrus Fruit Farming,106

Cable and Other Program Distribution,105

Cane Sugar Refining,104

Office Machinery Manufacturing,103

Sound Recording Industries,102

Dual-Purpose Cattle Ranching and Farming,101

Marking Device Manufacturing,100

All Other Miscellaneous Nonmetallic Mineral Product Manufacturing,99

Women's and Girls' Cut and Sew Dress Manufacturing,98

Motorcycle Dealers,97

Lime Manufacturing,96

Nonferrous Metal (except Aluminum) Smelting and Refining,95

Powder Metallurgy Part Manufacturing,94

Nonferrous Forging,93

Textile and Fabric Finishing and Fabric Coating Mills,92

"Executive, Legislative, and Other General Government Support",91

Administration of Conservation Programs,90

Poultry and Egg Production,89

Truck Trailer Manufacturing,88

Tobacco Product Manufacturing,87

Cattle Feedlots,86

Nonferrous (except Aluminum) Die-Casting Foundries,85

Other Aluminum Rolling and Drawing,84

Spring and Wire Product Manufacturing,83

Strawberry Farming,82

All Other Consumer Goods Rental,81

Textile Furnishings Mills,80

Recreational Vehicle Dealers,79

Beverage and Tobacco Product Manufacturing,78

Consumer Electronics and Appliances Rental,77

"Business, Professional, Labor, Political, and Similar Organizations",76

Consumer Goods Rental,75

Coated and Laminated Packaging Paper and Plastics Film Manufacturing,74

Political Organizations,73

Hosiery and Sock Mills,72

"Wood Television, Radio, and Sewing Machine Cabinet Manufacturing",71

Fabric Coating Mills,70

Blind and Shade Manufacturing,69

"Fruit and Vegetable Canning, Pickling, and Drying",68

Other Wood Product Manufacturing,67

Paperboard Container Manufacturing,66

"Fishing, Hunting and Trapping",65

Aluminum Die-Casting Foundries,64

Other Performing Arts Companies,63

Textile Bag and Canvas Mills,62

Metal Valve Manufacturing,61

Photofinishing Laboratories (except One-Hour),60

Miscellaneous Nondurable Goods Merchant Wholesalers,59

Other Automotive Repair and Maintenance,58

Reconstituted Wood Product Manufacturing,57

"Women's and Girls' Cut and Sew Lingerie, Loungewear, and Nightwear Manufacturing",56

Fabricated Metal Product Manufacturing,55

Drinking Places (Alcoholic Beverages),54

Poultry Hatcheries,53

Mixed Mode Transit Systems,52

Surface Active Agent Manufacturing,51

Support Activities for Printing,50

Other Community Housing Services,49

Sound Recording Studios,48

Women's Footwear (except Athletic) Manufacturing,47

Carbon Black Manufacturing,46

Stone Mining and Quarrying,45

Brick and Structural Clay Tile Manufacturing,44

Other Marine Fishing,43

Other Apparel Knitting Mills,42

Other Animal Food Manufacturing,41

Confectionery and Nut Stores,40

Motion Picture and Sound Recording Industries,39

Barber Shops,38

Temporary Shelters,37

Plastics Bag Manufacturing,36

Lumber and Other Construction Materials Merchant Wholesalers,35

Appliance Repair and Maintenance,34

Oilseed and Grain Combination Farming,33

Other Ordnance and Accessories Manufacturing,32

Sawmills,31

Livestock Merchant Wholesalers,30

Carbon and Graphite Product Manufacturing,29

Record Production,28

"Laminated Plastics Plate, Sheet (except Packaging), and Shape Manufacturing",27

Forestry and Logging,26

Printing and Writing Paper Merchant Wholesalers,25

Linen and Uniform Supply,24

Tobacco Stores,23

Tobacco Farming,22

Finfish Fishing,21

All Other Fabricated Metal Product Manufacturing,20

Apprenticeship Training,19

Rice Farming,18

Corn Farming,17

Foundries,16

Dimension Stone Mining and Quarrying,15

Support Activities for Agriculture and Forestry,14

"Broom, Brush, and Mop Manufacturing",13

Industrial Sand Mining,12

Berry (except Strawberry) Farming,11

Other Furniture Related Product Manufacturing,10

Other Waste Collection,9

"Rope, Cordage, and Twine Mills",8

Footwear and Leather Goods Repair,7

Spring (Light Gauge) Manufacturing,6

Amusement Parks and Arcades,5

Fur and Leather Apparel Manufacturing,4

Pump and Compressor Manufacturing,3

Infants' Cut and Sew Apparel Manufacturing,2

Iron Foundries,1

